species	telo_seq_1	telo_seq_2	type
Abrostola tripartita	AACCT	AACCTAACCT	assembly
Acronicta aceris	AACCT	AACCTAACCT	assembly
Adalia bipunctata	AAAAATTC	AACCT	assembly
Aelia acuminata	AACCATCCCT		assembly
Amphipyra berbera	AACCT	AACCTAACCT	assembly
Amphipyra tragopoginis	AACCT	AACCTAACCT	assembly
Andrena haemorrhoa	AAACGAGTC	AACGAGTCG	assembly
Anthocharis cardamines	AACCT	AACCTAACCT	assembly
Apamea monoglypha	AACCT	AACCTAACCT	assembly
Apoderus coryli	AACCC	AACCCAACCC	assembly
Apotomis turbidana	AACCT	ACTGATAGAT	assembly
Aricia agestis	AACCT	AACCTAACCT	assembly
Atethmia centrago	AACCT	AACCTAACCT	assembly
Autographa gamma	AACCT	AACCTAACCT	assembly
Autographa pulchrina	AACCT	AACCTAACCT	assembly
Bembecia ichneumoniformis	AACCT	AACCTAACCT	assembly
Bibio marci			assembly
Biston betularia	AACCT	ACCTACCT	assembly
Blastobasis adustella	AACCT	AACCTAACCT	assembly
Blastobasis lacticolella	AACCT	AACCTAACCT	assembly
Boloria selene	AACCT	AACCTAACCT	assembly
Bombus campestris	AACCCCAACCT	AACGTAT	assembly
Bombus hortorum	AACCCCAACCT	AACGTAT	assembly
Bombus hypnorum	AACCCCAACCT	ACTCT	assembly
Bombus pascuorum	AAAAAC	AAAAACGAAAAC	assembly
Bombus sylvestris	AACCCGAACCT	AACGTAT	assembly
Bombus terrestris	AACGTAT	AACCCCAACCT	assembly
Bufo bufo	AACCCT	AACCCTAACCCT	assembly
Canis lupus	AACCCT	AACCCTAACCCT	assembly
Cantharis rustica	AACCT	AACCTAACCT	assembly
Caprimulgus europaeus	AACCCT	AACCCTAACCCT	assembly
Carcina quercana	AACCT	AACCTAACCT	assembly
Celastrina argiolus	AACCT	AACCTAACCT	assembly
Cerceris rybyensis	AACCCAGACCT	AAAAT	assembly
Cervus elaphus	AAAAA	AAAAAA	assembly
Chrysoperla carnea	AACCC	AACCCAACCC	assembly
Chrysoteuchia culmella	AACCT	AACCTAACCT	assembly
Chrysotoxum bicinctum	AAATACAATAC	AATAC	assembly
Clostera curtula	AACCT	AACCTAACCT	assembly
Coccinella septempunctata	AACCT	AACCTAACCT	assembly
Colias croceus	AACCT	AACCTAACCT	assembly
Cosmia trapezina	AACCT	AACCTAACCT	assembly
Craniophora ligustri	AACCT	AACCTAACCT	assembly
Crocallis elinguaria	AACCT	AACCTAACCT	assembly
Cyaniris semiargus	AACCT	AACCTAACCT	assembly
Cydia splendana	AACCT	AACCTAACCT	assembly
Deilephila porcellus	AACCT	AACCTAACCT	assembly
Dolichovespula media	AACCCAGACGC	AACGACGATATT	assembly
Dolichovespula saxonica	AACCCAGACGC	AACAGT	assembly
Ectemnius continuus			assembly
Ectemnius lituratus	AACCCAGACCT		assembly
Eimeria tenella	AAACCCT		assembly
Endotricha flammealis	AACCT	AACCTAACCT	assembly
Ennomos fuscantarius	AACCT	AACCTAACCT	assembly
Ennomos quercinarius	AACCT	AACCTAACCT	assembly
Erannis defoliaria	AACCT	AACCTAACCT	assembly
Eristalis pertinax	AACTG	AAACAAAT	assembly
Eristalis tenax	AAGAAT	AAGAATAAGAAT	assembly
Erynnis tages	AACCT	AACCTAACCT	assembly
Euproctis similis	AACCT	AACCTAACCT	assembly
Fabriciana adippe	AACCT	AACCTAACCT	assembly
Furcula furcula	AACCT	AACCTAACCT	assembly
Glaucopsyche alexis	AACCT	AACCTAACCT	assembly
Habrosyne pyritoides	AACCT	AACCTAACCT	assembly
Hecatera dysodea	AACCT	AACCTAACCT	assembly
Hedya salicella	AACCT	AACCTAACCT	assembly
Hesperia comma	AACCT	AACCTAACCT	assembly
Hylaea fasciaria	AACCT	AACCTAACCT	assembly
Hypena proboscidalis	AACCT	AACCTAACCT	assembly
Idaea aversata	AACCT	AACCTAACCT	assembly
Inachis io	AACCT	AACCTAACCT	assembly
Laothoe populi	AACCT	AACCTAACCT	assembly
Laspeyria flexula	AACCT	AACCTAACCT	assembly
Leptidea sinapis	AACCT	AACCTAACCT	assembly
Limenitis camilla	AACCT	AACCTAACCT	assembly
Lineus longissimus	AACCCT	AACCCTAACCCT	assembly
Lycaena phlaeas	AACCT	AACCTAACCT	assembly
Lymantria monacha	AACCT	AACCTAACCT	assembly
Lysandra bellargus	AACCT	AACCTAACCT	assembly
Lysandra coridon	AACCT	AACCTAACCT	assembly
Malachius bipustulatus	ACCTG	ACCTGACCTG	assembly
Mamestra brassicae	AACCT	AACCTAACCT	assembly
Maniola jurtina	AACCT	AACCTAACCT	assembly
Marthasterias glacialis	AACCCT	AACCCTAACCCT	assembly
Melitaea cinxia	AACCT	AACCTAACCT	assembly
Mellicta athalia	AACCT	AACCTAACCT	assembly
Mimas tiliae	AACCT	AACCTAACCT	assembly
Mythimna ferrago	AACCT	AACCTAACCT	assembly
Mythimna impura	AACCT	AACCTAACCT	assembly
Noctua fimbriata	AACCT	AACCTAACCT	assembly
Noctua janthe	AACCT	AACCTAACCT	assembly
Noctua pronuba	AACCT	AACCTAACCT	assembly
Nomada fabriciana	AACCT		assembly
Notocelia uddmanniana	AACCT	AACCTAACCT	assembly
Notodonta dromedarius	AACCT	AACCTAACCT	assembly
Nymphalis polychloros	AACCT	AACCTAACCT	assembly
Nymphalis urticae	AACCT	AACCTAACCT	assembly
Nysson spinosus	AACCCAGACCT	AACAT	assembly
Ochlodes sylvanus	AACCT	AACCTAACCT	assembly
Ochropleura plecta	AACCT	AACCTAACCT	assembly
Ocypus olens	AACCT	AACCTAACCT	assembly
Pammene fasciana	AACCT	AACCTAACCT	assembly
Parapoynx stratiotata	AACCT	AACCTAACCT	assembly
Pararge aegeria	AACCT	AACCTAACCT	assembly
Peribatodes rhomboidaria	AACCT	AACCTAACCT	assembly
Phalera bucephala	AACCT	AACCTAACCT	assembly
Pheosia gnoma	AACCT	AACCTAACCT	assembly
Pheosia tremula	AACCT	AACCTAACCT	assembly
Phlogophora meticulosa	AACCT	AACCTAACCT	assembly
Pholis gunnellus	AACCCT	AACCCTAACCCT	assembly
Pieris brassicae	AACCT	AACCTAACCT	assembly
Pieris napi	AACCT	AACCTAACCT	assembly
Pieris rapae	AACCT	AACCTAACCT	assembly
Plebejus argus	AACCT	AACCTAACCT	assembly
Pterostichus madidus	AACCT	AACCTAACCT	assembly
Pyrgus malvae	AACCT	AACCTAACCT	assembly
Pyrochroa serraticornis	ACCTG	ACCTGACCTG	assembly
Rana temporaria	AACCCT	AACCCTAACCCT	assembly
Rattus norvegicus	AACCCT	AACCCTAACCCT	assembly
Rhagonycha fulva	AACCT	AACCTAACCT	assembly
Scaeva pyrastri			assembly
Schrankia costaestrigalis	AACCT	AACCTAACCT	assembly
Spilosoma lubricipeda	AACCT	AACCTAACCT	assembly
Syritta pipiens	ACACAT		assembly
Tachina fera	ACTAT	ACTATACTAT	assembly
Taurulus bubalis	AACCCT	AACCCTAACCCT	assembly
Thyatira batis	AACCT	AACCTAACCT	assembly
Thymelicus sylvestris	AACCT	AACCTAACCT	assembly
Tinea semifulvella	AACCT	AACCTAACCT	assembly
Tinea trinotella	AACCT	AACCTAACCT	assembly
Trachurus trachurus	AAAAA	AACCCT	assembly
Vanessa atalanta	AACCT	AACCTAACCT	assembly
Vanessa cardui	AACCT	AACCTAACCT	assembly
Vespa crabro	AATAAT	AACCCTGACGC	assembly
Vespula germanica	AACCCAGACGC		assembly
Vespula vulgaris	AACCCAGACGC		assembly
Volucella inanis	ACAGGTG	AAATAAC	assembly
Xanthogramma pedissequum	ACAGACTG	AATAG	assembly
Xestia xanthographa	AACCT	AACCTAACCT	assembly
Xylota sylvarum	AGGATG	AGGATGAGGATG	assembly
Ypsolopha scabrella	AACCT	AACCTAACCT	assembly
Zeuzera pyrina	AACCT	AACCTAACCT	assembly
Zygaena filipendulae	AACCT	AACCTAACCT	assembly
Abrostola tripartita	AACCT	AACCTAACCT	pacbio
Acanthosoma haemorrhoidale	AAACCACCCT		pacbio
Acleris emargana	AACCT	AACCTAACCT	pacbio
Acleris sparsana	AACCT	AACCTAACCT	pacbio
Acrobasis repandana	AACCT	AACCTAACCT	pacbio
Acrocera orbiculus			pacbio
Aelia acuminata			pacbio
Agonopterix heracliana	AACCT	AACCTAACCT	pacbio
Agriopis aurantiaria	AACCT	AACCTAACCT	pacbio
Agrochola circellaris	AACCT		pacbio
Agrochola macilenta	AACCT	AACCTAACCT	pacbio
Agrypnus murinus	AACCT	AAACTAT	pacbio
Amblyteles armatorius	ACGACG	ATCATC	pacbio
Amphipyra berbera	AACCT	AACCTAACCT	pacbio
Amphipyra tragopoginis	AACCT	AACCTAACCT	pacbio
Ancistrocerus nigricornis			pacbio
Andrena haemorrhoa	AACGAGTCG	AAACGAGTC	pacbio
Andrena hattorfiana	AAAAAC	ACGACG	pacbio
Anoplius nigerrimus			pacbio
Antedon bifida	AACCCT	AACAAC	pacbio
Anthocharis cardamines	AACCT	AACCTAACCT	pacbio
Apamea monoglypha	AACCT		pacbio
Apatura iris	AACCT	AACCTAACCT	pacbio
Apeira syringaria	AACCT	AACCTAACCT	pacbio
Aplidium turbinatum	AACCCT	AACCCTAACCCT	pacbio
Apoderus coryli	AAATAATT		pacbio
Aporia crataegi	AACCT	AACCTAACCT	pacbio
Aporophyla lueneburgensis	AACCT	ACAGACAG	pacbio
Apotomis turbidana	AACCT	AGATAGAT	pacbio
Archips podanus	AACCT	AACCTAACCT	pacbio
Archips xylosteana	AACCT	AACCTAACCT	pacbio
Argyresthia goedartella	AACCT	AACCTAACCT	pacbio
Armillaria gallica	AAACCCT	AACCCTG	pacbio
Ascidia mentula	AACCCT	AACCCTAACCCT	pacbio
Athalia circularis	ACGACG	ACGACGACG	pacbio
Athalia cordata			pacbio
Athalia rosae	AAAAA	AAAAAA	pacbio
Autographa pulchrina	AACCT	AACCTAACCT	pacbio
Baccha elongata	AACAAC	ACATGTC	pacbio
Barbus barbus	AACCCT	ACACAC	pacbio
Bellardia pandia	ACATAT	AAATT	pacbio
Bembecia ichneumoniformis	AACCT	AACCTAACCT	pacbio
Bibio marci			pacbio
Biston betularia	AACCT	AACCTAACCT	pacbio
Blastobasis adustella	AACCT	AACCTAACCT	pacbio
Bombus hortorum	AACCCCAACCT	AACCT	pacbio
Bombus pascuorum	AAAACG	AACCCCAACCT	pacbio
Bombus pratorum	AACGAACG	AACCCCAACCT	pacbio
Bombus sylvestris	AACCCGAACCT		pacbio
Bombus terrestris	AACCCCAACCT	AACCT	pacbio
Bombylius discolor			pacbio
Brachiomonas submarina	AAGGATGGAC	ACAGACAG	pacbio
Buathra laborator			pacbio
Campaea margaritaria	AACCT	AACCTAACCT	pacbio
Camptogramma bilineatum	AACCT	AACCTAACCT	pacbio
Cantharis rustica	AACCT	AACCTAACCT	pacbio
Caradrina clavipalpis	AACCT	AACCTAACCT	pacbio
Caradrina kadenii	AACCT		pacbio
Carcina quercana	AACCT	AACCTAACCT	pacbio
Carex depauperata	AAACCCT	AACCCTG	pacbio
Catoptria pinella	AACCT	AACCTAACCT	pacbio
Cerceris rybyensis	AACCCAGACCT	ACCACT	pacbio
Cheilosia pagana			pacbio
Chloroclysta siterata	AACCT	AACCTAACCT	pacbio
Chrysoteuchia culmella	AACCT	AACCTAACCT	pacbio
Chrysotoxum bicinctum	AAATACAATAC	AACAAG	pacbio
Chrysotoxum verralli	ATCATC	ATCATCATC	pacbio
Cistogaster globosa	AATAT	AATAAT	pacbio
Clostera curtula	AACCT	AACCTAACCT	pacbio
Clusia tigrina			pacbio
Coccinella septempunctata	AAGTCG	AACCT	pacbio
Colias croceus	AACCT	AACCTAACCT	pacbio
Colostygia pectinataria	AACCT	AACCTAACCT	pacbio
Colpoda steinii	CCCCC	CCCCCC	pacbio
Coremacera marginata	AAATT	AAGAAT	pacbio
Craniophora ligustri	AACCT	AACCTAACCT	pacbio
Cupido minimus	AACCT	AACCTAACCT	pacbio
Cyaniris semiargus	AACCT	AACCTAACCT	pacbio
Cydia fagiglandana	AACCT	AACCTAACCT	pacbio
Danio rerio	AACCCT	AGATAGAT	pacbio
Danthonia decumbens	AAACCCT	CCCCC	pacbio
Diachrysia chrysitis	AACCT	AACCTAACCT	pacbio
Diadumene lineata	AACCCT	AAGAGTGT	pacbio
Dioctophyme renale	ACGATG	ATCATC	pacbio
Ditula angustiorana	AACCT	AACCTAACCT	pacbio
Dolichovespula media	AACCCAGACGC	ACAGT	pacbio
Dolichovespula saxonica	AACCCAGACGC		pacbio
Dromius quadrimaculatus			pacbio
Dryobotodes eremita	AACCT	AACCTAACCT	pacbio
Dunaliella primolecta	ACACACAC	ACACAC	pacbio
Ecliptopera silaceata	AACCT	AACCTAACCT	pacbio
Ectemnius continuus			pacbio
Ectemnius lituratus	ACTCACTC		pacbio
Ectropis crepuscularia			pacbio
Eilema depressum	AACCT	ACAGACAG	pacbio
Eilema sororcula	AACCT	AACCTAACCT	pacbio
Emmelina monodactyla	AACCT	AACCTAACCT	pacbio
Ennomos quercinarius	AACCT	AACCTAACCT	pacbio
Epinotia brunnichana	AACCT	AACCTAACCT	pacbio
Epirrhoe alternata	AACCT	AACCTAACCT	pacbio
Epistrophe grossulariae	ACAGTG	AAATT	pacbio
Episyrphus balteatus	AATAG	AAATT	pacbio
Erannis defoliaria	AACCT	AACCTAACCT	pacbio
Erebia ligea	AACCT	AACCTAACCT	pacbio
Eristalis arbustorum	AATAAT	AAATAAAT	pacbio
Eristalis horticola	AACATGC	AAGCATC	pacbio
Eristalis pertinax	AAATAC	AAGAAT	pacbio
Eristalis tenax	AAGAAT	ACCATCC	pacbio
Eucosma campoliliana	AACCT	AACCTAACCT	pacbio
Eucosma cana	AACCT	AACCTAACCT	pacbio
Eulithis prunata	AACCT		pacbio
Eupeodes latifasciatus	ACCATG	AATAG	pacbio
Euphydryas aurinia	AACCT	AACCTAACCT	pacbio
Eupithecia centaureata	AACCT	AACCTAACCT	pacbio
Euplexia lucipara	AACCT	ACAGACAG	pacbio
Euproctis similis	AACCT	AACCTAACCT	pacbio
Eurydema oleracea			pacbio
Evagetes crassicornis	AACCCAGACCT		pacbio
Furcula furcula	AACCT	AACCTAACCT	pacbio
Gari tellinella	AACCCT	AACCCTAACCCT	pacbio
Gibbula magus	AACATG	AACCCT	pacbio
Gibbula umbilicalis	AACCCT	AACCCTAACCCT	pacbio
Gonocerus acuteangulatus			pacbio
Griposia aprilina	AACCT	AACCTAACCT	pacbio
Gymnoscelis rufifasciata	AACCT	AACCTAACCT	pacbio
Gymnosoma rotundatum	AATAAT	ACTAT	pacbio
Habrosyne pyritoides	AACCT	AACCTAACCT	pacbio
Haliclystus octoradiatus	AATAAT	ACTAT	pacbio
Hamearis lucina	AACCT	AACCTAACCT	pacbio
Harmonia axyridis	AACCT		pacbio
Hesperia comma	AACCT	AACCTAACCT	pacbio
Hippodamia variegata	AACCT	AACCTAACCT	pacbio
Hydraecia micacea	AACCT		pacbio
Hydriomena furcata	AACCT	AACCTAACCT	pacbio
Hylaea fasciaria	AACCT	AACCTAACCT	pacbio
Hylaeus communis			pacbio
Hypena proboscidalis	AACCT	AACCTAACCT	pacbio
Idaea aversata	AACCT	AACCTAACCT	pacbio
Ischnura elegans	AACCC		pacbio
Juncus effusus	AAACCCT	ATATAT	pacbio
Laetiporus sulphureus	CCCCC	CCCCCCC	pacbio
Lasioglossum lativentre	AACCCAGACCT	ACAGACAG	pacbio
Lasioglossum malachurum	ACATCGT	AATGAATG	pacbio
Lasioglossum morio	AACGTAT	AACGCAT	pacbio
Lasioglossum pauxillum	AGCAGC	AACCT	pacbio
Lasiommata megera	AACCT	AACCTAACCT	pacbio
Laspeyria flexula	AACCT	AACCTAACCT	pacbio
Leuctra nigra			pacbio
Limenitis camilla	AACCT	AACCTAACCT	pacbio
Limnephilus lunatus	AACCT		pacbio
Limnephilus marmoratus	AACCT	AACCTAACCT	pacbio
Lobophora halterata	AACCT	AACCTAACCT	pacbio
Luperina testacea	AACCT	AACCTAACCT	pacbio
Lycaena phlaeas	AACCT	AACCTAACCT	pacbio
Lymantria monacha	AACCT	AACCTAACCT	pacbio
Lysandra bellargus	ACATC	AACCT	pacbio
Lysandra coridon	AACCT	ACATC	pacbio
Macaria notata	AACCT	AACCTAACCT	pacbio
Machimus atricapillus	ACAGACAG	AATAC	pacbio
Malachius bipustulatus	ACCTG	ACCTGACCTG	pacbio
Mamestra brassicae	AACCT	AACCTAACCT	pacbio
Maniola jurtina	AACCT	AACCTAACCT	pacbio
Marthasterias glacialis	AACCCT	AAAGGAC	pacbio
Megachile ligniseca	ACAGAG	AACCT	pacbio
Megachile willughbiella	ACAGAG	AACCT	pacbio
Melanargia galathea	AACCT	AACCTAACCT	pacbio
Melanostoma mellinum	AACAAC	AACAACAAC	pacbio
Mellicta athalia	AACCT	AACCTAACCT	pacbio
Melolontha melolontha	AAGTAATC	AAAGAT	pacbio
Merzomyia westermanni	AAAAG	AAAGT	pacbio
Mesoligia furuncula	AACCT	AACCTAACCT	pacbio
Metschnikowia zobellii			pacbio
Mimas tiliae	AACCT	AACCTAACCT	pacbio
Mimumesa dahlbomi			pacbio
Mucor piriformis	AAAAA	CCCCC	pacbio
Myrmica ruginodis	AACCT	AGCAGC	pacbio
Mythimna ferrago	AACCT	ACAGACAG	pacbio
Mythimna impura	AACCT	ACCTACCT	pacbio
Nematostella vectensis	AACCCT	ACCATC	pacbio
Nephrotoma flavescens	AAAATATG	AAGTAAT	pacbio
Noctua comes	AACCT	AACCTAACCT	pacbio
Noctua fimbriata	AACCT	AACCTAACCT	pacbio
Noctua janthe	AACCT	AACCTAACCT	pacbio
Notocelia uddmanniana	AACCT	AACCTAACCT	pacbio
Notodonta ziczac	AACCT	AACCTAACCT	pacbio
Nymphalis c-album	AACCT	AACCTAACCT	pacbio
Nymphalis polychloros	AACCT	AACCTAACCT	pacbio
Nymphalis urticae	AACCT	AACCTAACCT	pacbio
Ochlodes sylvanus	AACCT	AACCTAACCT	pacbio
Ochropleura plecta	AACCT		pacbio
Ocypus olens	AACCT		pacbio
Oedemera lurida	ACCTG	ACCTGACCTG	pacbio
Omphaloscelis lunosa	AACCT		pacbio
Operophtera brumata	AACCT	AACCTAACCT	pacbio
Opisthograptis luteolata	AACCT	AAATAG	pacbio
Orgyia antiqua	AACCT	AACCTAACCT	pacbio
Ostrinia nubilalis	AACCT	AACCTAACCT	pacbio
Pammene fasciana	AACCT	AACCTAACCT	pacbio
Pandemis cinnamomeana	AACCT	AACCTAACCT	pacbio
Pantilius tunicatus			pacbio
Papilio machaon	AACCT	AACCTAACCT	pacbio
Parapoynx stratiotata	AACCT		pacbio
Patella depressa	AACCCT	AACCCTAACCCT	pacbio
Patella pellucida	AACTCTCTACT	AACTCTACT	pacbio
Perizoma alchemillatum	AACCT	AACCTAACCT	pacbio
Perizoma flavofasciatum	AACCT	AACCTAACCT	pacbio
Pheosia tremula	AACCT		pacbio
Philereme vetulata	AACCT	AACCTAACCT	pacbio
Philonthus cognatus	AACCT	ACAGACAG	pacbio
Phlogophora meticulosa	AACCT	AACCTAACCT	pacbio
Pholis gunnellus	AACCCT	AACCCTAACCCT	pacbio
Phorcus lineatus	AACCCT	AACCCTAACCCT	pacbio
Phosphuga atrata	AAGACAGAC	ACAGACTAG	pacbio
Photedes minima	AACCT	AACCTAACCT	pacbio
Phragmatobia fuliginosa	AACCT	AACCTAACCT	pacbio
Pieris napi	AACCT	AACCTAACCT	pacbio
Platycheirus albimanus	ACGTAG	ACACAC	pacbio
Plebejus argus	AACCT	AACCTAACCT	pacbio
Plutella xylostella	AACCT	AACCTAACCT	pacbio
Podabrus alpinus	AACCT	AACCTAACCT	pacbio
Polycentropus irroratus	AACCT	AACCTAACCT	pacbio
Propylea quattuordecimpunctata	AACCT	AACCTAACCT	pacbio
Psoricoptera gibbosella	AACCT	AACCTAACCT	pacbio
Pterostichus madidus	AATAAT	ATCCATCC	pacbio
Ptilodon capucinus	AACCT		pacbio
Ptycholomoides aeriferana	AACCT	AACCTAACCT	pacbio
Pycnococcus provasolii			pacbio
Pyrochroa serraticornis	ACCTG	ACCTGACCTG	pacbio
Rhagonycha fulva	AACCT	AACCTAACCT	pacbio
Rhingia campestris	ACCATCT	AAATATAG	pacbio
Rhinocyllus conicus	AGATAGAT	AGATAGATAGAT	pacbio
Rhopobota naevana	AACCT	AACCTAACCT	pacbio
Sarcophaga crassimargo	AATAG	AATAGAATAG	pacbio
Sarcophaga variegata	AATAG	AATAGAATAG	pacbio
Scaeva pyrastri	AACTT	AATAG	pacbio
Scambus nigricans	ACACAC	ACACAG	pacbio
Scathophaga stercoraria	AAGAAT	AAATC	pacbio
Schoenoplectus lacustris	AAACCCT	AATAAT	pacbio
Schrankia costaestrigalis	AACCT	AACCTAACCT	pacbio
Scotopteryx chenopodiata	ACTCTG	AACCT	pacbio
Seladonia tumulorum			pacbio
Selenia dentaria	AACCT	AACCTAACCT	pacbio
Sphecodes ephippius	AACCCAGACCT	AGAGATATG	pacbio
Sphecodes monilicornis	AACCCAGACCT	AGATAT	pacbio
Sphinx pinastri	AACCT	AACCTAACCT	pacbio
Steromphala cineraria	AACCCT	AACCCTAACCCT	pacbio
Stomorhina lunata	AACTAGAACTG	AACAGAACTAG	pacbio
Synanthedon vespiformis	AACCT	AACCTAACCT	pacbio
Tachina fera	AATAG	AATAGAATAG	pacbio
Taurulus bubalis	AACCCT	ACACAC	pacbio
Teleogryllus oceanicus	AACCT	ACTACT	pacbio
Telmatherina bonti	ACCAG	AACCCT	pacbio
Tenthredo livida	AACCT		pacbio
Tenthredo notha			pacbio
Tetramitus jugosus	AAACCC	CCCCC	pacbio
Thecophora atra	AACCAGCACACG		pacbio
Thumatha senex	AACCT	AACCTAACCT	pacbio
Thymelicus lineola	AACCT	AACCTAACCT	pacbio
Tinea trinotella	AACCT	AACCTAACCT	pacbio
Tipula paludosa	AGATATAT	AGATAT	pacbio
Trichoderma pseudokoningii	CCCCC	CCCCCC	pacbio
Trypoxylon clavicerum			pacbio
Vanessa cardui	AACCT	AACCTAACCT	pacbio
Vespa crabro			pacbio
Vespula germanica	AACCCAGACGC		pacbio
Vespula vulgaris	AACCCAGACGC		pacbio
Volucella inanis	AAATAAC	AAATAAT	pacbio
Xanthogramma pedissequum	ACAGACTG	ATCATC	pacbio
Xanthorhoe fluctuata	AACCT	AACCTAACCT	pacbio
Xestia c-nigrum	AACCT		pacbio
Xestia xanthographa	AACCT		pacbio
Xylota sylvarum	ACTGACTG	AGGATG	pacbio
Yponomeuta sedellus	AACCT	ACAGACAG	pacbio
Ypsolopha scabrella	AACCT	AACCTAACCT	pacbio
Ypsolopha sequella	AACCT	AACCTAACCT	pacbio
Zeuzera pyrina	AACCT	AACAAC	pacbio
Zygaena filipendulae	AACCT	AACCTAACCT	pacbio
